{
  "name": "haploxeralfs",
  "children": [
    {
      "name": "typic haploxeralfs",
      "ac": 1977587,
      "n_polygons": 34243,
      "tax_greatgroup": "haploxeralfs",
      "tax_order": "alfisols",
      "tax_subgroup": "typic haploxeralfs",
      "tax_suborder": "xeralfs"
    },
    {
      "name": "ultic haploxeralfs",
      "ac": 4194840,
      "n_polygons": 47145,
      "tax_greatgroup": "haploxeralfs",
      "tax_order": "alfisols",
      "tax_subgroup": "ultic haploxeralfs",
      "tax_suborder": "xeralfs"
    },
    {
      "name": "vertic haploxeralfs",
      "ac": 5921,
      "n_polygons": 76,
      "tax_greatgroup": "haploxeralfs",
      "tax_order": "alfisols",
      "tax_subgroup": "vertic haploxeralfs",
      "tax_suborder": "xeralfs"
    },
    {
      "name": "vitrandic haploxeralfs",
      "ac": 588744,
      "n_polygons": 10625,
      "tax_greatgroup": "haploxeralfs",
      "tax_order": "alfisols",
      "tax_subgroup": "vitrandic haploxeralfs",
      "tax_suborder": "xeralfs"
    },
    {
      "name": "lithic haploxeralfs",
      "ac": 222443,
      "n_polygons": 1967,
      "tax_greatgroup": "haploxeralfs",
      "tax_order": "alfisols",
      "tax_subgroup": "lithic haploxeralfs",
      "tax_suborder": "xeralfs"
    },
    {
      "name": "lithic mollic haploxeralfs",
      "ac": 580959,
      "n_polygons": 3120,
      "tax_greatgroup": "haploxeralfs",
      "tax_order": "alfisols",
      "tax_subgroup": "lithic mollic haploxeralfs",
      "tax_suborder": "xeralfs"
    },
    {
      "name": "lithic ruptic-inceptic haploxeralfs",
      "ac": 152066,
      "n_polygons": 2044,
      "tax_greatgroup": "haploxeralfs",
      "tax_order": "alfisols",
      "tax_subgroup": "lithic ruptic-inceptic haploxeralfs",
      "tax_suborder": "xeralfs"
    },
    {
      "name": "mollic haploxeralfs",
      "ac": 2299134,
      "n_polygons": 31935,
      "tax_greatgroup": "haploxeralfs",
      "tax_order": "alfisols",
      "tax_subgroup": "mollic haploxeralfs",
      "tax_suborder": "xeralfs"
    },
    {
      "name": "natric haploxeralfs",
      "ac": 96026,
      "n_polygons": 2161,
      "tax_greatgroup": "haploxeralfs",
      "tax_order": "alfisols",
      "tax_subgroup": "natric haploxeralfs",
      "tax_suborder": "xeralfs"
    },
    {
      "name": "plinthic haploxeralfs",
      "ac": 0,
      "tax_greatgroup": "haploxeralfs",
      "tax_order": "alfisols",
      "tax_subgroup": "plinthic haploxeralfs",
      "tax_suborder": "xeralfs"
    },
    {
      "name": "psammentic haploxeralfs",
      "ac": 16987,
      "n_polygons": 176,
      "tax_greatgroup": "haploxeralfs",
      "tax_order": "alfisols",
      "tax_subgroup": "psammentic haploxeralfs",
      "tax_suborder": "xeralfs"
    },
    {
      "name": "aquic haploxeralfs",
      "ac": 78388,
      "n_polygons": 1134,
      "tax_greatgroup": "haploxeralfs",
      "tax_order": "alfisols",
      "tax_subgroup": "aquic haploxeralfs",
      "tax_suborder": "xeralfs"
    },
    {
      "name": "aquultic haploxeralfs",
      "ac": 143091,
      "n_polygons": 6370,
      "tax_greatgroup": "haploxeralfs",
      "tax_order": "alfisols",
      "tax_subgroup": "aquultic haploxeralfs",
      "tax_suborder": "xeralfs"
    },
    {
      "name": "calcic haploxeralfs",
      "ac": 22991,
      "n_polygons": 190,
      "tax_greatgroup": "haploxeralfs",
      "tax_order": "alfisols",
      "tax_subgroup": "calcic haploxeralfs",
      "tax_suborder": "xeralfs"
    },
    {
      "name": "fragiaquic haploxeralfs",
      "ac": 1350,
      "n_polygons": 177,
      "tax_greatgroup": "haploxeralfs",
      "tax_order": "alfisols",
      "tax_subgroup": "fragiaquic haploxeralfs",
      "tax_suborder": "xeralfs"
    },
    {
      "name": "fragic haploxeralfs",
      "ac": 1431,
      "n_polygons": 51,
      "tax_greatgroup": "haploxeralfs",
      "tax_order": "alfisols",
      "tax_subgroup": "fragic haploxeralfs",
      "tax_suborder": "xeralfs"
    },
    {
      "name": "inceptic haploxeralfs",
      "ac": 1392,
      "n_polygons": 12,
      "tax_greatgroup": "haploxeralfs",
      "tax_order": "alfisols",
      "tax_subgroup": "inceptic haploxeralfs",
      "tax_suborder": "xeralfs"
    },
    {
      "name": "lamellic haploxeralfs",
      "ac": 13177,
      "n_polygons": 311,
      "tax_greatgroup": "haploxeralfs",
      "tax_order": "alfisols",
      "tax_subgroup": "lamellic haploxeralfs",
      "tax_suborder": "xeralfs"
    },
    {
      "name": "andic haploxeralfs",
      "ac": 304536,
      "n_polygons": 4350,
      "tax_greatgroup": "haploxeralfs",
      "tax_order": "alfisols",
      "tax_subgroup": "andic haploxeralfs",
      "tax_suborder": "xeralfs"
    },
    {
      "name": "aquandic haploxeralfs",
      "ac": 27437,
      "n_polygons": 616,
      "tax_greatgroup": "haploxeralfs",
      "tax_order": "alfisols",
      "tax_subgroup": "aquandic haploxeralfs",
      "tax_suborder": "xeralfs"
    }
  ]
}